{
    "mean":[
        129.26825694087097,
        124.8078246548594,
        121.2417634494643
    ],
    "variance":[
        [
            3305.079155475616,
            3142.6045632163027,
            2767.8783609900224
        ],
        [
            3142.6045632163027,
            3338.383858389349,
            3207.8095151514403
        ],
        [
            2767.8783609900224,
            3207.8095151514403,
            3495.2654566206497
        ]
    ]
}