{
    "mean":[
        133.42903461203787,
        128.31319544520616,
        123.74035099540215
    ],
    "variance":[
        [
            3158.912054472559,
            3014.664406930242,
            2705.419423960262
        ],
        [
            3014.664406930242,
            3197.0019911161426,
            3107.6113041290655
        ],
        [
            2705.419423960262,
            3107.6113041290655,
            3393.995473766766
        ]
    ]
}