{
    "mean":[
        201.7637896633842,
        45.19052905966403,
        32.33011520885628
    ],
    "variance":[
        [
            1708.6355002213886,
            833.2424085892461,
            472.96046617320195
        ],
        [
            833.2424085892461,
            880.5687635027359,
            724.7837402579679
        ],
        [
            472.96046617320195,
            724.7837402579679,
            717.7790296615302
        ]
    ]
}