{
    "mean":[
        205.40618866663883,
        47.61413399033978,
        33.93158502804805
    ],
    "variance":[
        [
            1509.373301900319,
            732.1727861362459,
            398.026564828738
        ],
        [
            732.1727861362459,
            843.3087194925699,
            703.6350705534874
        ],
        [
            398.026564828738,
            703.6350705534874,
            703.7020982796889
        ]
    ]
}